obs,time,elapsed,date,TIME,E,A,E/A,Ca,Ci,Pci,Pca,gsw,gbw,gtw,gtc,Rabs,TleafEB,TleafCnd,SVPleaf,RHcham,VPcham,SVPcham,Air VP def,VPDleaf,LatHFlux,SenHFlux,NetTherm,EBSum,blfa_1,blfa_2,blfa_3,Leak,LeakPct,CorrFact,CorrFactPct,Fan,DarkAdaptedID,Fo,Fm,Fv,Fv/Fm,Adark,LightAdaptedID,Fs,Fm',PhiPS2,PS2/1,Qabs_fs,Afs,ETR,Fv'/Fm',PhiCO2,NPQ,DarkPulseID,Fo',Fv',qP,qN,qP_Fo,qN_Fo,Qin,Qabs,alpha,convert,TIME,CO2_s,CO2_r,H2O_s,H2O_r,Flow,Pa,?Pcham,Tair,Tleaf,Tleaf2,Fan_speed,Qamb_in,Qamb_out,Q,f_red,f_blue,f_farred,F,Q_modavg,F_dc,Pc,Tled,TDigital,TPreamp,TPwrSpy,TDrive,Q_red,Q_blue,Q_farred,F_avg,dF/dt,dF_dc/dt,F_dc_avg,period,MatchValveR,MatchValveS,MatchCO2,MatchH2O,DIAG,Flow_s,Flow_r,Txchg,Tirga,Tchopper,Ts,Tr,CO2_%,Desiccant_%,Humidifier_%,Heatx_setpoint,CO2_r_setpoint,H2O_r_setpoint,SS_s,SS_r
1,1507764713,0,20171012 10:31:52,1507764707,0.002942023,20.84707492,141.1240292,400.0412133,275.0720176,26.093111,37.94758869,0.297707113,2.178937241,0.276815633,0.174764463,165.2245613,25.3573872,24.99141429,3.178050364,68.8031605,2.198448644,3.195272758,0.996824114,0.979601721,-129.7432236,10.65181049,1.03442592,47.16757409,-0.039297199,0.044114549,3.328949116,16,3,1.000634915,0.063491546,50432.41043,0,0,0,0,#DIV/0!,-1,-,0,0,#DIV/0!,0.5,842.9927426,20.84707492,#DIV/0!,#DIV/0!,0.025916089,#DIV/0!,-,0,0,#DIV/0!,#DIV/0!,#DIV/0!,#DIV/0!,999.9928095,842.9927426,0.842998804,0.195997608,1507764707,400.0412381,426.4545714,23.17591429,19.72949524,499.9924286,94.75920952,0.099988557,25.08209048,24.99141429,999.9,10000.83333,0,0,999.9928095,0.899990857,0.100009029,0,1334.884286,0.500055,13561.11429,9392.98619,41.95804762,45.00590476,43.32409524,44.717,44.29733333,899.5342857,99.95952381,0,1334.951154,-0.217777768,0.577777842,13561.40385,15,100,100,0,0,2,480.383,902.88,21.8553,28.2455,30.0001,28.1752,28.1612,28.3594,12.3902,54.6473,21.8606,426.504,19.7365,100.578,100.099
2,1507766206,1493.4,20171012 10:56:46,1507766201,0.003117304,20.5287993,151.8502787,399.9987375,271.1455379,25.72350214,37.94776953,0.284461482,2.178572144,0.265320624,0.167437671,165.2297401,25.30221246,24.99889048,3.179467264,65.57262152,2.095814491,3.196173102,1.100358611,1.083652773,-137.4731018,10.3273146,1.003142941,39.08709579,-0.03928764,0.044103818,3.328304279,15,3,1.000595355,0.059535537,50420.0722,0,0,0,0,#DIV/0!,-1,-,0,0,#DIV/0!,0.5,843.0222861,20.5287993,#DIV/0!,#DIV/0!,0.02553764,#DIV/0!,-,0,0,#DIV/0!,#DIV/0!,#DIV/0!,#DIV/0!,1000.028286,843.0222861,0.842998441,0.195996883,1507766201,399.9987619,426.1142857,22.0915,18.43569524,500.013,94.76970952,0.100013738,25.08681905,24.99889048,999.9,9997.292857,0,0,1000.028286,0.900005095,0.099994986,0,1329.920476,0.500055,13495.94286,9393.356667,41.83019048,44.80609524,43.15766667,44.52352381,44.14261905,899.5780952,99.95095238,0,1329.846923,4.064957251,0.444444394,13495.81538,15,100,100,0,0,2,480.697,896.116,21.943,28.2503,30.0001,28.1833,28.1684,28.3338,11.8848,47.09,21.9433,426.009,18.4096,100.603,100.122
3,1507767637,2924.4,20171012 11:20:37,1507767632,0.003194144,20.23465376,157.8551343,399.998595,264.1805,25.06271606,37.94773351,0.265337591,2.178910222,0.248605071,0.156793508,165.2282294,25.27956771,25.00445238,3.180521723,62.40024344,1.99485837,3.196875942,1.202017572,1.185663353,-140.8617498,10.10908162,0.981838257,35.45739947,-0.039296492,0.044113754,3.328901393,15,3,1.000595234,0.059523406,50430.34191,0,0,0,0,#DIV/0!,-1,-,0,0,#DIV/0!,0.5,843.0145787,20.23465376,#DIV/0!,#DIV/0!,0.025188952,#DIV/0!,-,0,0,#DIV/0!,#DIV/0!,#DIV/0!,#DIV/0!,1000.019143,843.0145787,0.842998441,0.195996883,1507767632,399.998619,425.7967143,21.02735714,17.27758571,500.0431905,94.76962857,0.100038433,25.09050952,25.00445238,999.9,9999.55381,0,0,1000.019143,0.900002143,0.099997929,0,1327.397143,0.500055,13489.37619,9393.273333,42.30928571,45.38966667,43.69319048,45.03533333,44.57709524,899.5695238,99.95,0,1327.505385,-1.465982897,-3.035897468,13489.46154,15,100,100,0,0,2,480.961,890.07,21.8527,28.195,30.0001,28.1313,28.1208,28.2823,11.382,39.1334,21.8511,425.888,17.3165,100.627,100.147
4,1507768288,3575.4,20171012 11:31:28,1507768283,0.003794234,20.01033023,189.6137823,400.0145476,268.76134,25.49759718,37.94969099,0.274889807,2.179164943,0.256976424,0.162122335,165.2275405,25.17416149,25.00051429,3.179775084,56.4651793,1.815896698,3.215958437,1.400061739,1.363878387,-167.325737,22.31284558,2.167915069,22.38256414,-0.039303161,0.044121242,3.329351305,15,3,1.000595336,0.059533645,50421.67357,0,0,0,0,#DIV/0!,-1,-,0,0,#DIV/0!,0.5,843.0094297,20.01033023,#DIV/0!,#DIV/0!,0.024923007,#DIV/0!,-,0,0,#DIV/0!,#DIV/0!,#DIV/0!,#DIV/0!,1000.01281,843.0094297,0.842998631,0.195997263,1507768283,400.0145714,425.8335714,19.1407381,14.67758571,500.0079048,94.77076667,0.100010448,25.1904381,25.00051429,999.9,10001.13095,0,0,1000.01281,0.899997,0.100002976,0,1338.360476,0.500055,13602.59048,9393.19619,42.342,45.43709524,43.7317619,45.08019048,44.64252381,899.557619,99.95571429,0,1338.382308,0.853333323,-3.234187987,13602.14615,15,100,100,0,0,2,481.554,883.62,22.0726,28.1389,30,28.0834,28.0733,28.2284,15.4507,28.5562,22.0724,425.828,14.7815,100.644,100.167
5,1507769800,5087.4,20171012 11:56:40,1507769795,0.003688996,18.88727209,195.3164914,400.0154537,253.314397,24.03270053,37.95067205,0.230100819,2.17946923,0.217406302,0.136961097,165.2236046,25.16706496,25.00460476,3.180550617,50.23442052,1.611380659,3.207722199,1.59634154,1.569169959,-162.6847112,16.7750184,1.629312812,20.9432246,-0.03931113,0.044130187,3.32988879,15,3,1.000595134,0.059513404,50438.81174,0,0,0,0,#DIV/0!,-1,-,0,0,#DIV/0!,0.5,842.9921623,18.88727209,#DIV/0!,#DIV/0!,0.023591289,#DIV/0!,-,0,0,#DIV/0!,#DIV/0!,#DIV/0!,#DIV/0!,999.9927143,842.9921623,0.842998304,0.195996608,1507769795,400.0154762,424.4375714,16.98460476,12.63561905,499.9987143,94.77301429,0.10000049,25.14737143,25.00460476,999.9,10002.92143,0,0,999.9927143,0.900005333,0.099994395,0,1305.980476,0.500055,13267.82381,9393.03,42.24090476,45.437,43.67538095,45.06209524,44.57709524,899.5509524,99.94285714,0,1305.940769,0.925128254,4.622222249,13267.51538,15,100,100,0,0,2,481.687,877.846,22.0149,28.1039,30,28.0452,28.0354,28.0773,12.2677,13.1875,22.0062,424.392,12.6434,100.661,100.185
6,1507770853,6139.9,20171012 12:14:12,1507770847,0.004480697,19.39520694,231.0208588,400.0123579,260.8649703,24.74532266,37.94466866,0.253253553,2.179670306,0.23796827,0.150026551,165.2245559,25.0399589,25.00119524,3.179904178,44.4253993,1.43728022,3.235266859,1.797986638,1.742623957,-197.5987538,34.05786717,3.309980155,4.993649382,-0.039316396,0.044136099,3.33024398,14,3,1.000555636,0.055563617,50420.68728,0,0,0,0,#DIV/0!,-1,-,0,0,#DIV/0!,0.5,842.9917687,19.39520694,#DIV/0!,#DIV/0!,0.024193839,#DIV/0!,-,0,0,#DIV/0!,#DIV/0!,#DIV/0!,#DIV/0!,999.9915238,842.9917687,0.842998914,0.195997828,1507770847,400.012381,425.4257619,15.15179524,9.859151429,499.9752857,94.75875714,0.099983862,25.29102381,25.00119524,999.9,10005.76667,0,0,999.9915238,0.899987333,0.100012567,0,1339.803333,0.500055,13605.67619,9392.964286,42.20814286,45.40452381,43.58904762,44.99090476,44.52342857,899.527619,99.96285714,0,1339.803462,0.411282033,-0.1025643,13606.06923,15,100,100,0,0,2,482.462,871.754,22.2526,28.0561,30,27.9974,27.988,28.0385,25.8931,0,22.2518,425.448,9.87322,100.676,100.201
7,1507772380,7667.4,20171012 12:39:40,1507772375,0.004171708,17.58887888,237.178713,399.9891696,247.6264011,23.49179427,37.94612868,0.207882538,2.179655945,0.197462426,0.124306683,165.2274165,25.07035433,25.00474762,3.180577705,37.96745368,1.222857497,3.220804606,1.997947109,1.957720208,-183.9723077,24.79284928,2.408687399,8.45664547,-0.03931602,0.044135677,3.330218612,14,3,1.000555499,0.055549876,50433.15346,0,0,0,0,#DIV/0!,-1,-,0,0,#DIV/0!,0.5,843.0069903,17.58887888,#DIV/0!,#DIV/0!,0.022050682,#DIV/0!,-,0,0,#DIV/0!,#DIV/0!,#DIV/0!,#DIV/0!,1000.009667,843.0069903,0.842998841,0.195997683,1507772375,399.9891905,423.0862857,12.89010952,7.951412381,500.0044762,94.76788571,0.100004643,25.21573333,25.00474762,999.9,10004.70714,0,0,1000.009667,0.899989857,0.100010076,0,1300.087619,0.500055,13196.54762,9393.151905,42.17852381,45.324,43.54742857,44.9282381,44.47880952,899.547619,99.96238095,0,1300.054231,-0.327179456,3.059829114,13196.01154,15,100,100,0,0,2,482.487,867.859,22.1571,28.0417,30.0001,27.9831,27.9738,27.7756,39.1417,0,22.1508,423.057,7.9198,100.688,100.214
8,1507773239,8526.5,20171012 12:53:59,1507773234,0.004911568,18.09777843,271.3906759,400.038788,253.5852881,24.0560329,37.94915043,0.22582732,2.17867758,0.213582302,0.134533747,165.2256759,24.95239911,25.00004286,3.179685714,32.24027564,1.046783635,3.246819746,2.20003611,2.132902079,-216.6001629,41.21729213,4.008793807,-6.148401078,-0.0392904,0.044106917,3.328490496,13,3,1.000516358,0.051635764,50378.69767,0,0,0,0,#DIV/0!,-1,-,0,0,#DIV/0!,0.5,843.0018578,18.09777843,#DIV/0!,#DIV/0!,0.022654492,#DIV/0!,-,0,0,#DIV/0!,#DIV/0!,#DIV/0!,#DIV/0!,1000.004095,843.0018578,0.842998406,0.195996811,1507773234,400.0388095,424.1018095,11.03460952,5.209025714,500.0188571,94.7636619,0.100015248,25.35095714,25.00004286,999.9,9998.633333,0,0,1000.004095,0.900001952,0.099998219,0,1328.124762,0.500055,13483.11905,9393.13619,42.17828571,45.25590476,43.57719048,44.94309524,44.52057143,899.5557143,99.94714286,0,1328.183462,-0.679999994,-5.234188007,13483.18846,15,100,100,0,0,2,483.235,862.905,22.3227,28.0417,30.0001,27.9783,27.9691,27.7253,57.796,0,22.325,423.966,5.21645,100.692,100.222
9,1507774670,9957.5,20171012 13:17:50,1507774665,0.00441412,16.15332476,273.2638404,399.9998379,239.4294774,22.71337394,37.94581183,0.181949718,2.179906742,0.173914096,0.109388703,165.2240735,24.98837026,24.9935619,3.178457328,25.50331984,0.821457501,3.220982627,2.399525126,2.356999827,-194.6626726,26.21941081,2.546856949,-0.672331324,-0.039322589,0.044143051,3.330661646,13,3,1.000515719,0.051571947,50441.00542,0,0,0,0,#DIV/0!,-1,-,0,0,#DIV/0!,0.5,842.9926991,16.15332476,#DIV/0!,#DIV/0!,0.02034813,#DIV/0!,-,0,0,#DIV/0!,#DIV/0!,#DIV/0!,#DIV/0!,999.9930952,842.9926991,0.84299852,0.19599704,1507774665,399.9998571,421.4937619,8.659265714,3.410644286,499.9737143,94.76459524,0.099972776,25.2166619,24.9935619,999.9,10006.72619,0,0,999.9930952,0.900001429,0.099998743,0,1280.13619,0.500055,12990.27619,9393.016667,42.13071429,45.26180952,43.50280952,44.89861905,44.45509524,899.5433333,99.95,0,1280.040769,-1.224615404,-1.056410255,12990.36538,15,100,100,0,0,2,483.509,859.003,22.1627,28.0632,30.0001,28.0046,27.9957,27.4381,69.2915,0,22.1662,421.458,3.45538,100.694,100.231
10,1507778724,14011.5,20171012 14:25:24,1507778719,0.003914237,14.29941378,273.7341047,400.0069829,230.9536598,21.90874102,37.94548829,0.151891101,2.176838214,0.146239267,0.091889815,165.2296732,25.00451949,24.99863333,3.179418521,21.68794819,0.692155679,3.191429974,2.499274295,2.487262841,-172.6178618,7.424271753,0.721639046,0.757722231,-0.03924226,0.044052875,3.325242323,13,3,1.000516465,0.051646482,50368.24785,0,0,0,0,#DIV/0!,-1,-,0,0,#DIV/0!,0.5,843.0197333,14.29941378,#DIV/0!,#DIV/0!,0.018148346,#DIV/0!,-,0,0,#DIV/0!,#DIV/0!,#DIV/0!,#DIV/0!,1000.024952,843.0197333,0.842998698,0.195997397,1507778719,400.007,419.0368095,7.296443333,2.635931905,499.9867619,94.76209524,0.099969448,25.06189524,24.99863333,999.9,9986.547619,0,0,1000.024952,0.899993381,0.1000067,0,1250.623333,0.500055,12689.44286,9393.295238,42.18109524,45.37195238,43.58604762,45.00266667,44.50866667,899.5652381,99.95904762,0,1250.533846,-0.274871823,-4.461538283,12689.07308,15,100,100,0,0,2,483.154,855.769,21.8854,28.0967,30,28.038,28.0306,26.8508,75.6897,0,21.8897,419.006,2.62019,100.697,100.246
11,1507782680,17967.4,20171012 15:31:20,1507782675,0.003375713,11.17675685,302.0297776,400.0698095,217.197973,20.60032253,37.94495408,0.109454592,2.178473451,0.106488649,0.066815189,165.2243367,25.10119396,25.00726667,3.181055389,7.19613842,0.22846306,3.174800801,2.946337741,2.952592329,-148.8689603,-3.876831934,-0.376395406,12.10214905,-0.039285056,0.044100917,3.328129971,0,0,1,0,50435.41729,0,0,0,0,#DIV/0!,-1,-,0,0,#DIV/0!,0.5,842.9943494,11.17675685,#DIV/0!,#DIV/0!,0.014444648,#DIV/0!,-,0,0,#DIV/0!,#DIV/0!,#DIV/0!,#DIV/0!,999.9950952,842.9943494,0.842998484,0.195996968,1507782675,400.0698095,406.3334286,2.408783333,0.724997667,1200.00381,94.74579524,0.100037114,24.97425714,25.00726667,999.9,9999.158571,0,0,999.9950952,0.900003,0.0999968,0,1188.715238,0.500055,12056.28571,9393.045714,42.116,45.241,43.50280952,44.89566667,44.43719048,899.5466667,99.94904762,0,1188.751154,0.391452959,-7.411965788,12056.55385,15,100,100,0,0,2,1302.2,58.3692,21.6916,28.0084,30.0001,27.8691,27.9975,25.3748,100,0,21.688,406.25,0,100.718,100.271
12,1507786984,22270.9,20171012 16:43:03,1507786978,0.002472448,18.41592823,134.2559463,399.9948571,261.8232557,24.85456608,37.97102967,0.234061003,2.179387177,0.220938676,0.139204318,165.2284077,25.25921401,25.00112857,3.179891539,68.25077658,2.147384264,3.146314771,0.998930506,1.032507274,-109.0349511,-20.90629861,-2.027303191,33.25985476,-0.039308981,0.044127775,3.32974385,0,0,1,0,50492.28035,0,0,0,0,#DIV/0!,-1,-,0,0,#DIV/0!,0.5,843.0155005,18.41592823,#DIV/0!,#DIV/0!,0.02303152,#DIV/0!,-,0,0,#DIV/0!,#DIV/0!,#DIV/0!,#DIV/0!,1000.020238,843.0155005,0.84299844,0.19599688,1507786978,399.9948571,423.2808571,22.621,19.7211619,499.9972857,94.82879524,0.099999443,24.82319524,25.00112857,999.9,9996.490952,0,0,1000.020238,0.900000619,0.099999152,0,1227.221905,0.500055,12486.90952,9393.28381,41.55028571,44.607,42.88080952,44.38671429,43.92833333,899.57,99.95,0,1227.278462,-0.21059824,2.376068358,12486.88077,15,100,100,0,0,2,500.512,891.763,21.6045,28.1302,30.0001,28.0643,28.0543,25.701,11.8325,51.6263,21.6043,423.206,19.7274,100.695,100.243
13,1507789108,24395,20171012 17:18:27,1507789102,0.002653739,18.2227822,145.6275559,400.0173333,259.5954116,24.64695981,37.97914254,0.22840458,2.181298253,0.215900946,0.136004422,165.2256882,25.19406511,24.9975619,3.179215431,64.98590842,2.044320065,3.145789779,1.101469714,1.134895366,-117.0299002,-20.8339125,-2.018449175,25.34342638,-0.039359048,0.044183979,3.333120096,0,0,1,0,50554.75765,0,0,0,0,#DIV/0!,-1,-,0,0,#DIV/0!,0.5,843.0015767,18.2227822,#DIV/0!,#DIV/0!,0.022802783,#DIV/0!,-,0,0,#DIV/0!,#DIV/0!,#DIV/0!,#DIV/0!,1000.003714,843.0015767,0.842998446,0.195996891,1507789102,400.0173333,423.158381,21.53190952,18.41600952,500.0030476,94.84373333,0.100008776,24.8204,24.9975619,999.9,10007.64667,0,0,1000.003714,0.900001143,0.099998729,0,1224.502381,0.500055,12456.5381,9393.117619,41.61290476,44.65747619,42.95819048,44.44009524,43.976,899.5552381,99.94857143,0,1224.506154,0.896410284,7.832478623,12456.11923,15,100,100,-0.849,0.228,2,500.853,889.26,21.6063,28.0848,30.0001,28.0189,28.0093,25.1182,12.6534,47.903,21.6081,423.112,18.4551,100.707,100.259
14,1507790949,26236,20171012 17:49:08,1507790943,0.002513349,17.0047256,147.8029527,400.009381,249.5539122,23.70309062,37.99362839,0.197665476,2.179157716,0.188217404,0.118447108,165.2244925,25.21485905,24.9915,3.178066606,61.89654934,1.943930973,3.140612835,1.196681862,1.234135633,-110.8386756,-23.34214425,-2.263291797,28.78038087,-0.039302972,0.044121029,3.329338539,0,0,1,0,50491.17566,0,0,0,0,#DIV/0!,-1,-,0,0,#DIV/0!,0.5,842.9929937,17.0047256,#DIV/0!,#DIV/0!,0.021358096,#DIV/0!,-,0,0,#DIV/0!,#DIV/0!,#DIV/0!,#DIV/0!,999.9931905,842.9929937,0.842998734,0.195997468,1507790943,400.009381,421.621619,20.46634286,17.51203333,499.9969524,94.8818381,0.100005338,24.79281429,24.9915,999.9,9989.375238,0,0,999.9931905,0.899992286,0.100007671,0,1222.07619,0.500055,12428.11905,9392.995238,41.55009524,44.595,42.92233333,44.369,43.91338095,899.5361905,99.95714286,0,1221.978846,-0.606153874,-9.24102565,12428.28846,15,100,100,-0.849,0.228,2,500.872,888.451,21.5652,28.0393,30.0001,27.9736,27.9642,24.1661,12.2095,43.8111,21.5689,421.584,17.5226,100.716,100.269
15,1507792488,27775,20171012 18:14:47,1507792482,0.002565905,15.62281068,164.2409438,399.919,241.9224117,22.9898649,38.00426639,0.172798348,2.183904723,0.165546071,0.104092518,165.2216378,25.19158487,24.99797143,3.179293055,55.56200086,1.744521972,3.139775287,1.395253315,1.434771083,-113.1564181,-24.68082884,-2.387915234,24.99647562,-0.039427391,0.0442607,3.337726597,0,0,1,0,50646.26923,0,0,0,0,#DIV/0!,-1,-,0,0,#DIV/0!,0.5,842.9771998,15.62281068,#DIV/0!,#DIV/0!,0.01971917,#DIV/0!,-,0,0,#DIV/0!,#DIV/0!,#DIV/0!,#DIV/0!,999.9742857,842.9771998,0.842998877,0.195997754,1507792482,399.919,419.8975714,18.35760952,15.33507619,500.0046667,94.92992381,0.099985714,24.78834762,24.99797143,999.9,10015.9219,0,0,999.9742857,0.899988095,0.100011943,0,1202.627619,0.500055,12227.29524,9392.807619,41.61880952,44.726,42.99980952,44.461,43.98480952,899.5142857,99.96,0,1202.632308,1.076923115,-3.541880387,12227.46923,15,100,100,-0.849,0.228,2,501.148,884.266,21.5154,28.0728,30,28.0046,27.9951,23.6889,11.3012,34.0713,21.5167,420.061,15.355,100.709,100.26
16,1507793937,29224,20171012 18:38:56,1507793931,0.002600731,14.28972685,182.0000361,399.9179048,236.3746066,22.47133163,38.01883795,0.152810991,2.181728143,0.147104182,0.092435091,165.2249264,25.17490209,25.00328095,3.180299612,49.10484795,1.541305832,3.138805833,1.597500001,1.63899378,-114.6922284,-25.88901432,-2.507310059,22.13637361,-0.039370315,0.044196628,3.333879719,0,0,1,0,50577.63934,0,0,0,0,#DIV/0!,-1,-,0,0,#DIV/0!,0.5,842.9974318,14.28972685,#DIV/0!,#DIV/0!,0.018137335,#DIV/0!,-,0,0,#DIV/0!,#DIV/0!,#DIV/0!,#DIV/0!,999.9987619,842.9974318,0.842998476,0.195996951,1507793931,399.9179048,418.3141429,16.21290476,13.14254762,499.9871905,94.96661429,0.099991876,24.78317619,25.00328095,999.9,9997.558571,0,0,999.9987619,0.900002952,0.099997229,0,1182.602857,0.500055,12020.24762,9393.075714,41.64271429,44.63090476,42.95228571,44.41938095,43.99680952,899.5495238,99.94904762,0,1182.594615,-0.605811953,-10.32136755,12020.58077,15,100,100,-0.849,0.228,2,501.754,880.352,21.486,28.0632,30.0001,27.9927,27.9809,23.2161,12.918,25.846,21.5049,418.274,13.1428,100.711,100.263
17,1507795536,30823.4,20171012 19:05:36,1507795531,0.002646317,13.41064089,197.3296345,399.9767619,230.3842274,21.90800389,38.03512313,0.138436442,2.181936994,0.13373545,0.083993723,165.222015,25.17014472,25.00034286,3.179742586,42.75311265,1.342809776,3.140846812,1.798037036,1.83693281,-116.7025738,-24.26536213,-2.349930971,21.90414816,-0.03937579,0.044202773,3.334248781,0,0,1,0,50583.11748,0,0,0,0,#DIV/0!,-1,-,0,0,#DIV/0!,0.5,842.9791984,13.41064089,#DIV/0!,#DIV/0!,0.017094895,#DIV/0!,-,0,0,#DIV/0!,#DIV/0!,#DIV/0!,#DIV/0!,999.9766667,842.9791984,0.842998868,0.195997737,1507795531,399.9767619,417.3409048,14.12096667,10.99000952,499.965,94.9933619,0.0999704,24.7940619,25.00034286,999.9,9996.133333,0,0,999.9766667,0.899988952,0.100011105,0,1162.970952,0.500055,11806.37143,9392.841429,41.33295238,44.25590476,42.64561905,44.07409524,43.71995238,899.5171429,99.96,0,1162.891923,-2.132991437,-3.736751979,11807.06538,15,100,100,-0.849,0.228,2,502.006,877.295,21.5902,27.9679,30.0001,27.907,27.8984,23.0638,15.3735,17.5648,21.601,417.497,11.013,100.734,100.285
18,1507797061,32348.4,20171012 19:31:01,1507797056,0.002702011,12.69975441,212.7608581,399.9970476,225.1777753,21.42801393,38.06389105,0.127395349,2.18343537,0.123405325,0.077476406,165.2302281,25.16602822,25.00625238,3.180863044,36.41087623,1.144640404,3.143677172,1.999036768,2.036222639,-119.1586695,-23.20186531,-2.245634134,20.62405925,-0.039415079,0.044246879,3.336896947,0,0,1,0,50630.42265,0,0,0,0,#DIV/0!,-1,-,0,0,#DIV/0!,0.5,843.0217903,12.69975441,#DIV/0!,#DIV/0!,0.016250771,#DIV/0!,-,0,0,#DIV/0!,#DIV/0!,#DIV/0!,#DIV/0!,1000.027286,843.0217903,0.842998788,0.195997577,1507797056,399.9970476,416.5335714,12.02853333,8.825148571,500.0041429,95.06043333,0.099996667,24.80914762,25.00625238,999.9,9999.047619,0,0,1000.027286,0.899991333,0.100008662,0,1144.205238,0.500055,11607.11429,9393.326667,41.19309524,44.12490476,42.53842857,43.97880952,43.62180952,899.5652381,99.96238095,0,1144.228846,2.254017108,-12.59829045,11607.18077,15,100,100,-0.849,0.228,2,502.546,874.891,21.6855,27.7529,30.0001,27.6895,27.6804,22.5527,20.6708,8.13413,21.6842,416.142,8.86092,100.776,100.328
19,1507798544,33831.4,20171012 19:55:44,1507798539,0.00274196,11.95258128,229.4031333,400.0165238,221.5162739,21.08608232,38.07747937,0.117709406,2.186306273,0.114298635,0.071734859,165.225795,25.15993356,24.99544286,3.178813797,30.03726753,0.944725838,3.145179025,2.200453187,2.234087959,-120.9204182,-21.01532876,-2.031306584,21.25874147,-0.039490421,0.044331457,3.341972695,0,0,1,0,50722.50667,0,0,0,0,#DIV/0!,-1,-,0,0,#DIV/0!,0.5,843.0017773,11.95258128,#DIV/0!,#DIV/0!,0.015364833,#DIV/0!,-,0,0,#DIV/0!,#DIV/0!,#DIV/0!,#DIV/0!,1000.003905,843.0017773,0.842998486,0.195996971,1507798539,400.0165238,415.6754286,9.924657619,6.667042381,500.012381,95.08975714,0.100009029,24.81714762,24.99544286,999.9,10015.07143,0,0,1000.003905,0.900003,0.0999968,0,1125.769524,0.500055,11416.15238,9393.119048,41.06514286,43.994,42.38080952,43.81514286,43.43119048,899.5547619,99.95,0,1125.833846,-1.483760685,-4.841025654,11416.3,15,100,100,-0.849,0.228,2,502.953,872.333,21.7655,27.5737,30.0001,27.509,27.499,22.0999,34.3164,0,21.7655,415.541,6.7144,100.811,100.37
20,1507799847,35133.9,20171012 20:17:26,1507799841,0.002765213,11.34543162,243.7292465,399.9574286,216.6468192,20.62619335,38.07856162,0.108990287,2.184442616,0.106056893,0.066542536,165.221513,25.16549899,25.00469524,3.180567773,23.81088816,0.749488843,3.14767277,2.398183927,2.43107893,-121.9459153,-20.52354014,-1.985688793,20.76636878,-0.039441503,0.044276543,3.33867748,0,0,1,0,50660.36287,0,0,0,0,#DIV/0!,-1,-,0,0,#DIV/0!,0.5,842.9787878,11.34543162,#DIV/0!,#DIV/0!,0.014645009,#DIV/0!,-,0,0,#DIV/0!,#DIV/0!,#DIV/0!,#DIV/0!,999.9764762,842.9787878,0.842998618,0.195997237,1507799841,399.9574286,414.899381,7.872241429,4.580047143,499.9908571,95.10655238,0.099984362,24.83042381,25.00469524,999.9,10000.89905,0,0,999.9764762,0.899995333,0.100004586,0,1110.822381,0.500055,11256.80952,9392.85381,40.96109524,43.949,42.27952381,43.71409524,43.33,899.5233333,99.95142857,0,1110.971538,-2.891623949,-8.512820533,11257.20769,15,100,100,-0.849,0.228,2,502.993,870.529,21.8471,27.4406,30.0001,27.3786,27.3696,21.6779,53.1356,0,21.844,414.889,4.59713,100.834,100.4
21,1507801032,36318.9,20171012 20:37:11,1507801026,0.002763823,10.96977578,251.9489125,399.9087619,215.2100599,20.49886097,38.09150053,0.104722159,2.185270311,0.102011935,0.06399512,165.2230116,25.17311017,24.99454286,3.178643229,20.63720081,0.649872463,3.149033966,2.499161503,2.528770766,-121.8845978,-18.48194372,-1.787457229,23.06901286,-0.039463225,0.044300927,3.340140838,0,0,1,0,50686.84566,0,0,0,0,#DIV/0!,-1,-,0,0,#DIV/0!,0.5,842.9867406,10.96977578,#DIV/0!,#DIV/0!,0.014199246,#DIV/0!,-,0,0,#DIV/0!,#DIV/0!,#DIV/0!,#DIV/0!,999.9859524,842.9867406,0.842998583,0.195997165,1507801026,399.9087619,414.3984762,6.82277381,3.52889381,500.0120476,95.15046667,0.100010848,24.83766667,24.99454286,999.9,10001.78857,0,0,999.9859524,0.899997714,0.100002257,0,1100.26,0.500055,11145.36667,9392.948095,40.89571429,43.90452381,42.235,43.62180952,43.29133333,899.5352381,99.95142857,0,1100.236923,-1.309401748,1.035897287,11145.58077,15,100,100,-0.849,0.228,2,503.135,870.417,21.9465,27.3162,30,27.2597,27.2524,21.2907,61.8859,0,21.9534,414.834,3.55236,100.86,100.426
22,1507802355,37642.4,20171012 20:59:15,1507802350,0.002813528,10.22836633,275.0710818,400.1143333,199.7394986,19.03148953,38.12351487,0.090144981,2.184382129,0.088128138,0.055257533,165.2297619,25.15411025,24.99570476,3.178863435,6.058146854,0.190747997,3.148619557,2.95787156,2.988115438,-124.0765755,-18.87090542,-1.825807661,20.45647324,-0.039439916,0.044274761,3.338570547,0,0,1,0,50659.1791,0,0,0,0,#DIV/0!,-1,-,0,0,#DIV/0!,0.5,843.0202838,10.22836633,#DIV/0!,#DIV/0!,0.013319213,#DIV/0!,-,0,0,#DIV/0!,#DIV/0!,#DIV/0!,#DIV/0!,1000.025619,843.0202838,0.842998687,0.195997374,1507802350,400.1143333,405.7913333,2.001940476,0.598005095,1200.010476,95.18152857,0.100023952,24.8354619,24.99570476,999.9,9992.619048,0,0,1000.025619,0.899993333,0.100006681,0,1080.67381,0.500055,10941.89524,9393.302857,40.78257143,43.875,42.19604762,43.56819048,43.244,899.5647619,99.95857143,0,1080.521923,1.488888876,2.625641135,10942.06154,15,100,100,-0.849,0.228,2,1320.79,69.6219,21.9504,27.0871,30,26.955,27.07,20.2698,100,0,21.9517,405.616,0,100.901,100.472
